{"accuracy": [0.625], "precision": [[0.625, 0.0]], "recall": [[1.0, 0.0]], "rocauc": [0.6613333333333334], "roccurve": [
    [0.0, 0.02, 0.02, 0.04, 0.04, 0.06, 0.06, 0.08, 0.08, 0.12, 0.12, 0.14, 0.14, 0.16, 0.16, 0.2, 0.2, 0.22, 0.22, 0.24, 0.24, 0.44, 0.44, 0.46, 0.46, 0.54, 0.54, 0.66, 0.66, 0.7, 0.7, 0.74, 0.74, 0.86, 0.86, 0.9, 0.9, 0.94, 0.94, 0.98, 0.98, 1.0],
    [0.0, 0.0, 0.03333333333333333, 0.03333333333333333, 0.1, 0.1, 0.13333333333333333, 0.13333333333333333, 0.23333333333333334, 0.23333333333333334, 0.3, 0.3, 0.4, 0.4, 0.43333333333333335, 0.43333333333333335, 0.5666666666666667, 0.5666666666666667, 0.6, 0.6, 0.6333333333333333, 0.6333333333333333, 0.6666666666666666, 0.6666666666666666, 0.7333333333333333, 0.7333333333333333, 0.7666666666666667, 0.7666666666666667, 0.8, 0.8, 0.8333333333333334, 0.8333333333333334, 0.8666666666666667, 0.8666666666666667, 0.9, 0.9, 0.9333333333333333, 0.9333333333333333, 0.9666666666666667, 0.9666666666666667, 1.0, 1.0],
    [1.4738318920135498, 0.47383183240890503, 0.47379612922668457, 0.4737420976161957, 0.47365158796310425, 0.4736446440219879, 0.4736335873603821, 0.4736282229423523, 0.47357675433158875, 0.47355735301971436, 0.4735404849052429, 0.4735347032546997, 0.4734767973423004, 0.4734739363193512, 0.47346845269203186, 0.4734649360179901, 0.4734550416469574, 0.4734320342540741, 0.4734290540218353, 0.47342854738235474, 0.4734205901622772, 0.473314106464386, 0.47330859303474426, 0.47329744696617126, 0.47322455048561096, 0.4731886684894562, 0.47317761182785034, 0.4731040894985199, 0.47309479117393494, 0.4730905294418335, 0.47309011220932007, 0.4730859398841858, 0.4730801284313202, 0.47298431396484375, 0.47298142313957214, 0.4728855490684509, 0.47288206219673157, 0.4728482663631439, 0.47283127903938293, 0.47275510430336, 0.47271084785461426, 0.4724515974521637]], "confmat": [[[50, 0], [30, 0]]]}