{"accuracy": [0.625, 0.625, 0.6], "precision": [[0.625, 0.0], [0.625, 0.0], [1.0, 0.4838709677419355]], "recall": [[1.0, 0.0], [1.0, 0.0], [0.36, 1.0]], "rocauc": [0.7706666666666666, 0.8553333333333333, 0.8933333333333333], "roccurve": [[0.0, 0.0, 0.0, 0.08, 0.08, 0.1, 0.1, 0.14, 0.14, 0.16, 0.16, 0.18, 0.18, 0.22, 0.22, 0.24, 0.24, 0.26, 0.26, 0.28, 0.28, 0.34, 0.34, 0.4, 0.4, 0.52, 0.52, 0.54, 0.54, 0.94, 0.94, 1.0], [0.0, 0.03333333333333333, 0.1, 0.1, 0.23333333333333334, 0.23333333333333334, 0.26666666666666666, 0.26666666666666666, 0.43333333333333335, 0.43333333333333335, 0.4666666666666667, 0.4666666666666667, 0.5333333333333333, 0.5333333333333333, 0.6333333333333333, 0.6333333333333333, 0.7, 0.7, 0.7333333333333333, 0.7333333333333333, 0.8, 0.8, 0.8333333333333334, 0.8333333333333334, 0.8666666666666667, 0.8666666666666667, 0.9, 0.9, 0.9666666666666667, 0.9666666666666667, 1.0, 1.0], [1.4961117506027222, 0.49611175060272217, 0.4959334433078766, 0.4958312511444092, 0.49575114250183105, 0.4957427680492401, 0.49572327733039856, 0.4957068860530853, 0.49568411707878113, 0.49568039178848267, 0.4956783056259155, 0.4956754446029663, 0.4956674873828888, 0.49565839767456055, 0.49561867117881775, 0.4956090748310089, 0.4955874979496002, 0.49554988741874695, 0.49553877115249634, 0.4955040514469147, 0.495489239692688, 0.49546343088150024, 0.49545779824256897, 0.4953857362270355, 0.4953760504722595, 0.4952598810195923, 0.49524495005607605, 0.49524062871932983, 0.49518996477127075, 0.4949719309806824, 0.49492573738098145, 0.49484512209892273], [0.0, 0.0, 0.0, 0.02, 0.02, 0.06, 0.06, 0.08, 0.08, 0.1, 0.1, 0.12, 0.12, 0.16, 0.16, 0.18, 0.18, 0.22, 0.22, 0.3, 0.3, 0.44, 0.44, 0.48, 0.48, 0.52, 0.52, 0.58, 0.58, 1.0], [0.0, 0.03333333333333333, 0.2, 0.2, 0.4, 0.4, 0.43333333333333335, 0.43333333333333335, 0.4666666666666667, 0.4666666666666667, 0.5666666666666667, 0.5666666666666667, 0.6333333333333333, 0.6333333333333333, 0.6666666666666666, 0.6666666666666666, 0.7, 0.7, 0.8333333333333334, 0.8333333333333334, 0.8666666666666667, 0.8666666666666667, 0.9, 0.9, 0.9333333333333333, 0.9333333333333333, 0.9666666666666667, 0.9666666666666667, 1.0, 1.0], [1.4997339248657227, 0.49973398447036743, 0.4993330240249634, 0.49925851821899414, 0.4991244971752167, 0.499104380607605, 0.499099463224411, 0.49907687306404114, 0.4990622401237488, 0.499051958322525, 0.49900519847869873, 0.4989965856075287, 0.49896857142448425, 0.49887076020240784, 0.4988243877887726, 0.4987897574901581, 0.4987827241420746, 0.4987030029296875, 0.49862197041511536, 0.4985959231853485, 0.4985685348510742, 0.4982972741127014, 0.4982585906982422, 0.4980899393558502, 0.49806565046310425, 0.4978683888912201, 0.49786755442619324, 0.4977011978626251, 0.49769318103790283, 0.4965646266937256], [0.0, 0.0, 0.0, 0.04, 0.04, 0.06, 0.06, 0.08, 0.08, 0.12, 0.12, 0.22, 0.22, 0.32, 0.32, 0.36, 0.36, 0.42, 0.42, 0.5, 0.5, 1.0], [0.0, 0.03333333333333333, 0.5, 0.5, 0.6, 0.6, 0.6666666666666666, 0.6666666666666666, 0.7333333333333333, 0.7333333333333333, 0.7666666666666667, 0.7666666666666667, 0.8, 0.8, 0.8333333333333334, 0.8333333333333334, 0.9, 0.9, 0.9333333333333333, 0.9333333333333333, 1.0, 1.0], [1.5060977935791016, 0.5060977935791016, 0.5052093267440796, 0.5051200985908508, 0.5050932168960571, 0.504970133304596, 0.5048419833183289, 0.5047891736030579, 0.5045093297958374, 0.5042732954025269, 0.5042170882225037, 0.5040236711502075, 0.5040021538734436, 0.5035371780395508, 0.5033425688743591, 0.5031730532646179, 0.5030626058578491, 0.50276118516922, 0.5027305483818054, 0.5023439526557922, 0.502063512802124, 0.4975300133228302]], "confmat": [[[50, 0], [30, 0]], [[50, 0], [30, 0]], [[18, 32], [0, 30]]]}