{"accuracy": [0.625], "precision": [[0.625, 0.0]], "recall": [[1.0, 0.0]], "rocauc": [0.6393333333333333], "roccurve": [[0.0, 0.02, 0.02, 0.08, 0.08, 0.12, 0.12, 0.14, 0.14, 0.16, 0.16, 0.18, 0.18, 0.22, 0.22, 0.28, 0.28, 0.3, 0.3, 0.32, 0.32, 0.36, 0.36, 0.4, 0.4, 0.52, 0.52, 0.56, 0.56, 0.62, 0.62, 0.66, 0.66, 0.68, 0.68, 0.72, 0.88, 0.88, 0.9, 0.9, 0.92, 0.92, 0.94, 0.94, 1.0], [0.0, 0.0, 0.16666666666666666, 0.16666666666666666, 0.2, 0.2, 0.23333333333333334, 0.23333333333333334, 0.26666666666666666, 0.26666666666666666, 0.3, 0.3, 0.43333333333333335, 0.43333333333333335, 0.4666666666666667, 0.4666666666666667, 0.5, 0.5, 0.5333333333333333, 0.5333333333333333, 0.6, 0.6, 0.6333333333333333, 0.6333333333333333, 0.6666666666666666, 0.6666666666666666, 0.7, 0.7, 0.7333333333333333, 0.7333333333333333, 0.8, 0.8, 0.8333333333333334, 0.8333333333333334, 0.8666666666666667, 0.8666666666666667, 0.8666666666666667, 0.9, 0.9, 0.9333333333333333, 0.9333333333333333, 0.9666666666666667, 0.9666666666666667, 1.0, 1.0], [1.4985804557800293, 0.4985805153846741, 0.4983843266963959, 0.49832069873809814, 0.49831104278564453, 0.49825891852378845, 0.4982549548149109, 0.4982340931892395, 0.4982166290283203, 0.49821311235427856, 0.4982040226459503, 0.4982023537158966, 0.49815672636032104, 0.4981435239315033, 0.49813979864120483, 0.49809885025024414, 0.4980805814266205, 0.49806880950927734, 0.49806588888168335, 0.4980551600456238, 0.49805140495300293, 0.49802663922309875, 0.4980127513408661, 0.49800917506217957, 0.4979984164237976, 0.49794259667396545, 0.49793651700019836, 0.4979311525821686, 0.49792981147766113, 0.4979156255722046, 0.49790140986442566, 0.49789151549339294, 0.49789124727249146, 0.4978867471218109, 0.49788177013397217, 0.4978799521923065, 0.49782732129096985, 0.49781540036201477, 0.4978151023387909, 0.49780285358428955, 0.4977855086326599, 0.49778252840042114, 0.4977527856826782, 0.49771401286125183, 0.4975053071975708]], "confmat": [[[50, 0], [30, 0]]]}