{"accuracy": [0.8], "precision": [[0.8, 0.0]], "recall": [[1.0, 0.0]], "rocauc": [0.9375], "roccurve": [[0.0, 0.0, 0.125, 0.125, 1.0], [0.0, 0.5, 0.5, 1.0, 1.0], [1.4984033107757568, 0.4984033703804016, 0.498166561126709, 0.4980786442756653, 0.4976232647895813]], "confmat": [[[8, 0], [2, 0]]]}