{"accuracy": [0.8, 0.8, 0.2], "precision": [[0.8, 0.0], [0.8, 0.0], [0.0, 0.2]], "recall": [[1.0, 0.0], [1.0, 0.0], [0.0, 1.0]], "rocauc": [0.375, 0.375, 0.1875], "roccurve": [[0.0, 0.125, 0.5, 0.5, 0.75, 0.75, 1.0], [0.0, 0.0, 0.0, 0.5, 0.5, 1.0, 1.0], [1.4958651065826416, 0.4958651065826416, 0.49567097425460815, 0.4956398010253906, 0.4955655038356781, 0.4954821467399597, 0.49542999267578125], [0.0, 0.125, 0.625, 0.625, 1.0], [0.0, 0.0, 0.0, 1.0, 1.0], [1.4994717836380005, 0.4994718134403229, 0.49888816475868225, 0.4987262189388275, 0.4984184801578522], [0.0, 0.125, 0.75, 0.75, 0.875, 0.875, 1.0], [0.0, 0.0, 0.0, 0.5, 0.5, 1.0, 1.0], [1.5061984062194824, 0.5061984658241272, 0.5043224096298218, 0.5041630268096924, 0.5033844113349915, 0.5033129453659058, 0.5032145380973816]], "confmat": [[[8, 0], [2, 0]], [[8, 0], [2, 0]], [[0, 8], [0, 2]]]}