{"accuracy": [0.8], "precision": [[0.8, 0.0]], "recall": [[1.0, 0.0]], "rocauc": [0.875], "roccurve": [[0.0, 0.0, 0.25, 0.25, 1.0], [0.0, 0.5, 0.5, 1.0, 1.0], [1.4738649129867554, 0.47386494278907776, 0.47352972626686096, 0.4735068082809448, 0.4727155268192291]], "confmat": [[[8, 0], [2, 0]]]}